Check_Name,Scope,Violations,Result
fact_orders: Is_Low_Review disagrees with Review_Score,fact_orders,0,PASS
fact_orders: Is_On_Time disagrees with the date rule,fact_orders,0,PASS
fact_orders: Order_Month disagrees with Purchase_Ts,fact_orders,0,PASS
fact_orders: SLA flags disagree with orders,fact_orders,0,PASS
fact_orders: item aggregates disagree with order_items,fact_orders,0,PASS
fact_orders: row count differs from orders,fact_orders,0,PASS
geolocation: duplicate zip prefix,geolocation,0,PASS
order_items: order without exactly one primary item,order_items,0,PASS
order_items: orphan Order_ID,order_items,0,PASS
order_items: product or seller missing from its dimension,order_items,0,PASS
order_payments: order without exactly one primary payment,order_payments,0,PASS
order_payments: orphan Order_ID,order_payments,0,PASS
order_reviews: more than one review per order,order_reviews,0,PASS
order_reviews: orphan Order_ID,order_reviews,0,PASS
orders: Approval_Bucket disagrees with Approval_Hours,orders,0,PASS
orders: Is_Late is not the complement of Is_On_Time,orders,0,PASS
orders: Is_On_Time disagrees with the date rule,orders,0,PASS
orders: SLA-eligible without a delivery or promise timestamp,orders,0,PASS
orders: approval lag kept on an impossible sequence,orders,0,PASS
orders: customer missing from customers,orders,0,PASS
orders: delivered with timestamps but not SLA-eligible,orders,0,PASS
orders: duplicate Order_ID,orders,0,PASS
orders: handoff lag kept on an impossible sequence,orders,0,PASS
orders: negative duration survived cleaning,orders,0,PASS
orders: promised date not stored at midnight,orders,0,PASS
orders: transit lag kept on an impossible sequence,orders,0,PASS
