Order_Month,Sla_Eligible,Late,On_Time_Rate_Pct,Avg_Delivery_Hours,Avg_Promised_Hours,Avg_Handoff_Hours,Avg_Transit_Hours,Avg_Delay_Late_Hours,Sample_Note
2016-09,1,1,0.0000,1315.5200,443.7200,1276.9200,38.6000,871.7900,n < 30 - not a ranking claim
2016-10,265,2,99.2500,470.4100,1336.2400,332.8100,140.9100,245.9600,
2016-12,1,0,100.0000,112.6300,624.7200,78.9600,33.6700,,n < 30 - not a ranking claim
2017-01,750,22,97.0700,303.5300,948.2100,82.7600,221.2300,497.5800,
2017-02,1653,49,97.0400,316.0500,764.3700,87.2000,229.4300,511.3700,
2017-03,2546,116,95.4400,310.8300,593.5800,74.8300,236.1100,623.3500,
2017-04,2303,151,93.4400,358.0300,656.4000,88.3900,269.6400,308.5700,
2017-05,3545,106,97.0100,271.7400,582.8300,71.5700,200.2700,314.1400,
2017-06,3135,95,96.9700,288.2800,576.5200,75.1600,213.1900,358.9800,
2017-07,3872,108,97.2100,278.2300,559.6200,74.6400,204.3200,297.9000,
2017-08,4193,122,97.0900,267.5300,563.5300,74.0100,193.6200,227.7700,
2017-09,4150,182,95.6100,284.4200,538.5000,76.6600,207.5300,242.7800,
2017-10,4478,187,95.8200,284.5600,552.4700,82.7900,201.7700,238.5900,
2017-11,7288,904,87.6000,363.8700,541.4600,97.5900,266.2700,285.3000,
2017-12,5513,411,92.5400,369.4800,664.3500,89.2900,280.1900,250.3000,
2018-01,7069,403,94.3000,337.9300,631.2600,86.3300,251.6000,301.8600,
2018-02,6555,926,85.8700,406.6800,588.7000,85.4800,321.2000,318.8200,
2018-03,7003,1328,81.0400,391.2300,528.7900,80.0100,311.2300,256.8300,
2018-04,6798,306,95.5000,275.9800,568.3100,67.9300,208.1200,266.2200,
2018-05,6749,443,93.4400,274.0600,549.4000,64.7200,209.6300,187.0300,
2018-06,6096,71,98.8400,221.7400,666.5500,61.8000,160.4200,337.5800,
2018-07,6156,208,96.6200,215.0100,472.5600,68.8100,147.2900,217.6900,
2018-08,6351,393,93.8100,185.5900,364.4700,60.8900,125.1500,121.2500,
