Customer_State,Orders,Sla_Eligible,Late,On_Time_Rate_Pct,Avg_Delivery_Hours,Avg_Delay_Late_Hours,Reviewed_Orders,Low_Reviews,Low_Review_Rate_Pct,Late_Share_Pct,Otd_Rank
AL,413,397,85,78.5900,589.0500,245.8400,394,84,21.3200,1.3000,27
MA,747,717,125,82.5700,517.7500,267.7700,712,142,19.9400,1.9100,26
SE,350,335,51,84.7800,516.4700,405.3800,334,63,18.8600,0.7800,25
PI,495,476,66,86.1300,466.9700,337.5200,471,76,16.1400,1.0100,24
CE,1336,1279,176,86.2400,510.4000,380.8400,1273,218,17.1200,2.6900,23
RR,46,41,5,87.8000,705.3000,890.1500,41,6,14.6300,0.0800,22
BA,3380,3256,396,87.8400,464.0500,304.8700,3229,549,17.0000,6.0600,21
RJ,12852,12350,1495,87.8900,367.4300,341.3400,12211,2238,18.3300,22.8800,20
PA,975,946,106,88.7900,570.5500,323.8500,933,167,17.9000,1.6200,19
ES,2033,1995,214,89.2700,378.9400,287.2600,1969,272,13.8100,3.2800,18
PB,536,517,54,89.5600,490.2400,264.2700,512,76,14.8400,0.8300,17
TO,280,274,27,90.1500,423.7900,170.4100,273,33,12.0900,0.4100,16
MS,715,701,68,90.3000,374.8400,215.9800,699,93,13.3000,1.0400,15
PE,1652,1593,153,90.4000,442.7600,303.9000,1579,234,14.8200,2.3400,14
RN,485,474,44,90.7200,462.6800,362.8000,471,61,12.9500,0.6700,13
SC,3637,3546,291,91.7900,358.9100,216.5300,3519,457,12.9900,4.4500,12
GO,2020,1957,128,93.4600,374.5500,289.3800,1946,256,13.1600,1.9600,11
RS,5466,5344,325,93.9200,367.2100,262.6800,5326,635,11.9200,4.9700,10
MT,907,886,53,94.0200,433.3400,270.0600,879,112,12.7400,0.8100,9
DF,2140,2080,118,94.3300,311.2200,194.1800,2070,274,13.2400,1.8100,8
MG,11635,11354,519,95.4300,288.2100,217.9800,11285,1326,11.7500,7.9400,7
SP,41746,40494,1820,95.5100,210.2700,216.0200,40266,4303,10.6900,27.8500,6
PR,5045,4923,199,95.9600,287.8000,215.5600,4900,533,10.8800,3.0500,5
AC,81,80,3,96.2500,504.8600,456.8200,80,12,15.0000,0.0500,4
AP,68,67,2,97.0100,652.4400,1754.7300,66,4,6.0600,0.0300,3
RO,253,243,7,97.1200,464.9300,148.2300,242,29,11.9800,0.1100,2
AM,148,145,4,97.2400,634.2200,744.0800,144,19,13.1900,0.0600,1
