Customer_City,City_Tier,Orders,Delivered,Sla_Eligible,Late,On_Time_Rate_Pct,Avg_Delivery_Hours,Avg_Delay_Late_Hours,Refunded_Orders,Refund_Rate_Pct,Refund_Inr,Otd_Rank,Sla_Quartile,Late_Share_Pct,Priority_Flag
Indore,Tier 2,250,226,225,50,77.7800,45.5600,33.9000,18,7.9600,15057.8100,8.0000,4.0000,10.8700,Bottom-quartile SLA
Jaipur,Tier 2,322,286,284,58,79.5800,42.5300,23.0300,21,7.3400,14127.2400,7.0000,4.0000,12.6100,Bottom-quartile SLA
Lucknow,Tier 2,295,273,270,50,81.4800,42.0100,25.9200,12,4.4000,9597.6200,6.0000,3.0000,10.8700,
Hyderabad,Tier 1,331,310,310,55,82.2600,21.5600,11.2000,12,3.8700,7980.9600,5.0000,3.0000,11.9600,High volume
Chennai,Tier 1,293,273,272,44,83.8200,21.0600,11.6300,19,6.9600,10072.7300,4.0000,2.0000,9.5700,
Mumbai,Tier 1,652,598,595,94,84.2000,20.2700,10.8300,29,4.8500,23303.1800,3.0000,2.0000,20.4300,High volume
Delhi,Tier 1,437,410,407,60,85.2600,20.6300,10.8700,23,5.6100,20464.9500,2.0000,1.0000,13.0400,High volume
Bengaluru,Tier 1,409,375,372,48,87.1000,20.0800,13.4500,18,4.8000,15027.5300,1.0000,1.0000,10.4300,High volume
Unknown,,6,5,5,1,80.0000,23.2200,7.6300,1,20.0000,502.2600,,,0.2200,Excluded from ranking (DQ-04)
