Seller_State,Customer_State,Sla_Eligible,Late,Late_Pct,Avg_Delivery_Hours,Avg_Delay_Late_Hours,Route_Type,Late_Rank,Rank_Note
PR,AL,36,11,30.5600,701.9900,328.3200,Cross state,,n < 300 - not ranked
SP,AL,255,61,23.9200,601.2700,239.1100,Cross state,,n < 300 - not ranked
RJ,CE,54,11,20.3700,598.0000,512.9900,Cross state,,n < 300 - not ranked
MA,SP,123,25,20.3300,389.0100,214.8300,Cross state,,n < 300 - not ranked
SP,MA,492,93,18.9000,529.1100,259.5400,Cross state,1.0000,
MG,AL,35,6,17.1400,528.0300,130.5100,Cross state,,n < 300 - not ranked
PR,MA,41,7,17.0700,536.6100,194.7800,Cross state,,n < 300 - not ranked
SP,PI,329,54,16.4100,488.1400,363.7400,Cross state,2.0000,
SP,SE,208,34,16.3500,511.7100,398.1600,Cross state,,n < 300 - not ranked
SP,RR,33,5,15.1500,758.8800,890.1500,Cross state,,n < 300 - not ranked
PR,BA,143,21,14.6900,525.4200,432.4900,Cross state,,n < 300 - not ranked
MG,MA,63,9,14.2900,476.9300,171.7700,Cross state,,n < 300 - not ranked
RS,BA,42,6,14.2900,503.2300,201.1200,Cross state,,n < 300 - not ranked
SP,RJ,8154,1152,14.1300,390.7700,339.1300,Cross state,3.0000,
PR,CE,64,9,14.0600,602.4400,676.6600,Cross state,,n < 300 - not ranked
SP,CE,969,133,13.7300,509.9400,351.4300,Cross state,4.0000,
MA,MG,31,4,12.9000,419.6900,129.6300,Cross state,,n < 300 - not ranked
SP,BA,2307,297,12.8700,475.4500,260.8000,Cross state,5.0000,
MG,PB,48,6,12.5000,468.3000,380.5500,Cross state,,n < 300 - not ranked
PR,PB,40,5,12.5000,534.4800,314.0400,Cross state,,n < 300 - not ranked
SP,MS,476,59,12.3900,383.3000,220.2500,Cross state,6.0000,
SP,ES,1459,180,12.3400,379.2300,255.1200,Cross state,7.0000,
MG,CE,73,9,12.3300,498.2700,280.1000,Cross state,,n < 300 - not ranked
PR,RJ,970,117,12.0600,414.4300,372.8000,Cross state,8.0000,
SP,PA,683,82,12.0100,559.7300,285.9100,Cross state,9.0000,
SC,BA,78,9,11.5400,495.2200,579.2700,Cross state,,n < 300 - not ranked
PR,PA,53,6,11.3200,597.3600,216.5600,Cross state,,n < 300 - not ranked
MG,SE,36,4,11.1100,608.1300,1113.6500,Cross state,,n < 300 - not ranked
RJ,BA,135,15,11.1100,406.4900,354.3200,Cross state,,n < 300 - not ranked
MG,PA,84,9,10.7100,656.3800,753.6400,Cross state,,n < 300 - not ranked
SP,TO,198,21,10.6100,426.0000,185.6300,Cross state,,n < 300 - not ranked
PR,PE,86,9,10.4700,465.9000,290.7200,Cross state,,n < 300 - not ranked
SP,PB,337,35,10.3900,495.8200,238.6600,Cross state,10.0000,
SP,RN,332,33,9.9400,491.7600,360.1000,Cross state,11.0000,
RJ,PE,91,9,9.8900,408.1100,296.0100,Cross state,,n < 300 - not ranked
MG,BA,366,36,9.8400,442.3400,523.0000,Cross state,12.0000,
RJ,SC,112,11,9.8200,363.3400,329.5000,Cross state,,n < 300 - not ranked
SP,PE,1131,111,9.8100,454.4200,306.8200,Cross state,13.0000,
SP,SC,2326,222,9.5400,379.9200,206.2000,Cross state,14.0000,
SC,RJ,468,43,9.1900,394.0600,416.9900,Cross state,15.0000,
RJ,MS,33,3,9.0900,408.5500,195.8400,Cross state,,n < 300 - not ranked
RJ,RS,198,17,8.5900,379.1800,224.3000,Cross state,,n < 300 - not ranked
ES,RJ,59,5,8.4700,304.6700,307.3700,Cross state,,n < 300 - not ranked
RJ,PR,202,17,8.4200,310.2300,235.9600,Cross state,,n < 300 - not ranked
MG,RJ,1138,94,8.2600,340.3900,327.0400,Cross state,16.0000,
PR,ES,109,9,8.2600,425.2600,415.0500,Cross state,,n < 300 - not ranked
RJ,DF,98,8,8.1600,343.2100,327.2900,Cross state,,n < 300 - not ranked
ES,SP,100,8,8.0000,290.3200,231.3900,Cross state,,n < 300 - not ranked
MG,MT,51,4,7.8400,511.0700,250.1600,Cross state,,n < 300 - not ranked
RJ,SP,1320,103,7.8000,283.4100,264.0500,Cross state,17.0000,
BA,BA,66,5,7.5800,252.5600,294.3500,Same state,,n < 300 - not ranked
SP,GO,1421,106,7.4600,384.3800,282.5900,Cross state,18.0000,
DF,RJ,96,7,7.2900,335.6000,356.8300,Cross state,,n < 300 - not ranked
MG,PE,110,8,7.2700,398.6200,328.4800,Cross state,,n < 300 - not ranked
PE,RJ,42,3,7.1400,341.3600,249.8100,Cross state,,n < 300 - not ranked
RS,RJ,242,17,7.0200,338.7900,300.4200,Cross state,,n < 300 - not ranked
SP,RS,3593,238,6.6200,388.2100,274.2200,Cross state,19.0000,
SP,DF,1382,89,6.4400,318.1700,180.0500,Cross state,20.0000,
MG,SC,253,16,6.3200,412.1500,277.3000,Cross state,,n < 300 - not ranked
BA,PE,32,2,6.2500,405.4700,404.1500,Cross state,,n < 300 - not ranked
RJ,MG,550,33,6.0000,292.8600,239.9600,Cross state,21.0000,
SP,MT,650,38,5.8500,425.2800,279.7600,Cross state,22.0000,
DF,BA,35,2,5.7100,437.0400,549.8800,Cross state,,n < 300 - not ranked
RJ,GO,108,6,5.5600,360.4900,288.3900,Cross state,,n < 300 - not ranked
RJ,PA,37,2,5.4100,518.6600,433.0000,Cross state,,n < 300 - not ranked
PR,SC,390,21,5.3800,321.1100,257.4300,Cross state,23.0000,
GO,RJ,56,3,5.3600,352.1500,771.8500,Cross state,,n < 300 - not ranked
SC,GO,56,3,5.3600,425.2000,552.5800,Cross state,,n < 300 - not ranked
SP,MG,7438,393,5.2800,296.5700,202.2800,Cross state,24.0000,
SC,PE,38,2,5.2600,471.8100,184.9900,Cross state,,n < 300 - not ranked
PR,MT,60,3,5.0000,436.0700,390.7900,Cross state,,n < 300 - not ranked
RS,PR,140,7,5.0000,248.4600,256.7000,Cross state,,n < 300 - not ranked
MA,RJ,41,2,4.8800,400.7600,232.9000,Cross state,,n < 300 - not ranked
MG,MS,62,3,4.8400,381.4600,238.6900,Cross state,,n < 300 - not ranked
BA,RJ,83,4,4.8200,321.4100,351.3100,Cross state,,n < 300 - not ranked
SC,RS,293,14,4.7800,309.1300,180.1500,Cross state,,n < 300 - not ranked
RJ,RJ,955,45,4.7100,158.8200,278.0700,Same state,25.0000,
SP,SP,30722,1428,4.6500,190.7000,202.4200,Same state,26.0000,
MG,ES,172,8,4.6500,391.3500,1049.1800,Cross state,,n < 300 - not ranked
PR,GO,87,4,4.6000,382.6200,303.9600,Cross state,,n < 300 - not ranked
SP,PR,3117,138,4.4300,306.6900,227.9600,Cross state,27.0000,
MG,RS,277,12,4.3300,414.4900,288.4600,Cross state,,n < 300 - not ranked
SC,SC,256,11,4.3000,205.4600,208.3900,Same state,,n < 300 - not ranked
PR,RS,580,24,4.1400,320.2300,244.6400,Cross state,28.0000,
SP,AP,49,2,4.0800,674.3200,1754.7300,Cross state,,n < 300 - not ranked
DF,DF,50,2,4.0000,123.0500,136.0900,Same state,,n < 300 - not ranked
PR,MG,821,32,3.9000,333.6900,316.6500,Cross state,29.0000,
SC,ES,52,2,3.8500,354.0000,178.9100,Cross state,,n < 300 - not ranked
BA,SP,136,5,3.6800,272.8300,162.7800,Cross state,,n < 300 - not ranked
SC,SP,1313,48,3.6600,289.8300,256.2400,Cross state,30.0000,
PR,MS,55,2,3.6400,313.7600,113.0100,Cross state,,n < 300 - not ranked
MG,SP,2549,91,3.5700,261.7200,266.3600,Cross state,31.0000,
SC,MG,426,15,3.5200,353.7300,333.6300,Cross state,32.0000,
SP,AC,57,2,3.5100,498.4300,396.4500,Cross state,,n < 300 - not ranked
MG,DF,186,6,3.2300,286.7100,266.4400,Cross state,,n < 300 - not ranked
MT,SP,31,1,3.2300,307.6400,115.5400,Cross state,,n < 300 - not ranked
SC,MS,31,1,3.2300,359.2800,162.3200,Cross state,,n < 300 - not ranked
MG,PI,32,1,3.1300,384.0700,765.4300,Cross state,,n < 300 - not ranked
PR,SP,2928,90,3.0700,268.0700,257.8100,Cross state,33.0000,
SP,AM,99,3,3.0300,620.3300,154.5500,Cross state,,n < 300 - not ranked
SP,RO,169,5,2.9600,465.1900,116.0300,Cross state,,n < 300 - not ranked
RS,RS,288,8,2.7800,177.4800,200.2500,Same state,,n < 300 - not ranked
MG,GO,149,4,2.6800,342.2100,365.1000,Cross state,,n < 300 - not ranked
PR,DF,149,4,2.6800,323.5300,194.2200,Cross state,,n < 300 - not ranked
PR,PR,714,19,2.6600,197.3800,118.2500,Same state,34.0000,
MG,MG,1526,38,2.4900,208.7600,255.2700,Same state,35.0000,
SC,PR,284,7,2.4600,266.1000,203.7200,Cross state,,n < 300 - not ranked
DF,SP,307,7,2.2800,260.2800,247.8900,Cross state,36.0000,
RS,DF,47,1,2.1300,324.9800,542.2500,Cross state,,n < 300 - not ranked
RJ,ES,99,2,2.0200,301.7100,173.2200,Cross state,,n < 300 - not ranked
PE,SP,104,2,1.9200,285.4000,334.9500,Cross state,,n < 300 - not ranked
GO,SP,125,2,1.6000,261.3500,328.2000,Cross state,,n < 300 - not ranked
RS,MG,187,3,1.6000,282.9700,105.7500,Cross state,,n < 300 - not ranked
RS,SP,666,8,1.2000,243.3600,711.1200,Cross state,37.0000,
MG,PR,364,4,1.1000,306.5900,215.7200,Cross state,38.0000,
DF,MG,103,1,0.9700,224.1100,41.2500,Cross state,,n < 300 - not ranked
BA,MG,51,0,0.0000,253.4600,,Cross state,,n < 300 - not ranked
DF,GO,30,0,0.0000,220.6600,,Cross state,,n < 300 - not ranked
ES,MG,44,0,0.0000,254.2600,,Cross state,,n < 300 - not ranked
GO,GO,31,0,0.0000,124.0600,,Same state,,n < 300 - not ranked
GO,MG,83,0,0.0000,250.5000,,Cross state,,n < 300 - not ranked
PE,MG,60,0,0.0000,285.6300,,Cross state,,n < 300 - not ranked
RS,SC,116,0,0.0000,224.8700,,Cross state,,n < 300 - not ranked
SC,DF,69,0,0.0000,318.2900,,Cross state,,n < 300 - not ranked
