Delivery_Partner,Customer_City,Deliveries,Late,Late_Pct,Avg_Delay_Late_Hours,Refunded_Orders,Refund_Inr,Late_Refunded_Orders,Late_Refund_Inr,Late_Refund_Inr_Per_Late_Order,Late_Rank
LocalCare Couriers,Jaipur,57,26,45.6100,25.5800,10,5519.3600,7,4099.1200,157.6600,1
LocalCare Couriers,Indore,47,19,40.4300,44.2100,8,7291.1600,7,6125.6600,322.4000,2
LocalCare Couriers,Mumbai,49,19,38.7800,13.6500,4,4425.0000,4,3588.8600,188.8900,3
PharmaFleet,Indore,52,20,38.4600,32.0600,5,3814.4400,3,1928.4700,96.4200,4
LocalCare Couriers,Bengaluru,34,12,35.2900,28.4200,1,419.3600,1,419.3600,34.9500,5
PharmaFleet,Hyderabad,54,18,33.3300,13.2200,1,133.6200,1,133.6200,7.4200,6
LocalCare Couriers,Lucknow,58,19,32.7600,20.6700,4,1685.5600,4,1685.5600,88.7100,7
PharmaFleet,Chennai,49,16,32.6500,14.3700,3,1957.7000,3,1957.7000,122.3600,8
LocalCare Couriers,Delhi,32,9,28.1300,10.7500,1,445.9600,1,445.9600,49.5500,9
PharmaFleet,Mumbai,68,19,27.9400,16.1300,5,4281.6400,4,3314.4400,174.4400,10
PharmaFleet,Lucknow,49,13,26.5300,46.3400,0,0.0000,0,0.0000,0.0000,11
PharmaFleet,Delhi,64,15,23.4400,14.1100,6,4584.9700,5,2252.4800,150.1700,12
HealthDash,Mumbai,123,28,22.7600,8.9500,6,3000.6400,5,2311.4900,82.5500,13
HealthDash,Delhi,85,19,22.3500,10.4300,5,3282.4000,5,3282.4000,172.7600,14
PharmaFleet,Bengaluru,55,12,21.8200,13.6700,4,3035.9700,2,1887.1800,157.2700,15
PharmaFleet,Jaipur,55,12,21.8200,18.4800,4,2079.0300,3,624.0600,52.0000,15
QuickMeds Logistics,Lucknow,41,8,19.5100,17.8600,4,2957.2100,2,752.7700,94.1000,17
HealthDash,Hyderabad,64,12,18.7500,9.0700,3,2195.3200,2,982.4100,81.8700,18
HealthDash,Lucknow,58,10,17.2400,15.7900,4,4954.8500,2,2186.1400,218.6100,19
QuickMeds Logistics,Hyderabad,82,12,14.6300,3.8000,3,1066.4500,2,692.9000,57.7400,20
HealthDash,Jaipur,77,11,14.2900,26.9500,4,4990.5900,3,3795.9000,345.0800,21
QuickMeds Logistics,Chennai,73,10,13.7000,11.1200,5,1872.3600,1,138.9900,13.9000,22
QuickMeds Logistics,Delhi,102,13,12.7500,8.8000,7,8462.4500,2,570.5700,43.8900,23
HealthDash,Bengaluru,70,8,11.4300,8.0900,2,1462.0400,2,1462.0400,182.7500,24
HealthDash,Indore,36,4,11.1100,39.3000,2,1877.5200,0,0.0000,0.0000,25
QuickMeds Logistics,Jaipur,45,5,11.1100,13.1800,2,336.4600,1,128.2500,25.6500,25
QuickMeds Logistics,Indore,37,4,10.8100,5.3800,2,1812.5000,0,0.0000,0.0000,27
QuickMeds Logistics,Mumbai,176,15,8.5200,9.2100,5,4762.1900,2,1668.7200,111.2500,28
MedExpress,Bengaluru,122,10,8.2000,5.6700,4,3833.0000,1,307.1300,30.7100,29
HealthDash,Chennai,50,4,8.0000,17.3600,3,2287.9300,1,477.0200,119.2500,30
MedExpress,Jaipur,50,4,8.0000,21.6100,1,1201.8000,0,0.0000,0.0000,30
MedExpress,Chennai,78,6,7.6900,5.3600,6,3199.3900,4,2375.1900,395.8700,32
MedExpress,Mumbai,179,13,7.2600,4.8900,9,6833.7100,1,313.9600,24.1500,33
QuickMeds Logistics,Bengaluru,91,6,6.5900,3.2200,7,6277.1600,2,820.5200,136.7500,34
MedExpress,Hyderabad,84,5,5.9500,4.7100,3,3302.7800,1,315.1100,63.0200,35
MedExpress,Indore,53,3,5.6600,11.7000,1,262.1900,0,0.0000,0.0000,36
MedExpress,Delhi,124,4,3.2300,7.7100,4,3689.1700,1,242.7400,60.6900,37
MedExpress,Lucknow,64,0,0.0000,,0,0.0000,0,0.0000,,38
QuickMeds Logistics,Unknown,1,1,100.0000,7.6300,1,502.2600,1,502.2600,502.2600,n < 30 - not ranked
LocalCare Couriers,Chennai,22,8,36.3600,8.6000,2,755.3500,2,755.3500,94.4200,n < 30 - not ranked
LocalCare Couriers,Hyderabad,26,8,30.7700,25.0100,2,1282.7900,2,1282.7900,160.3500,n < 30 - not ranked
MedExpress,Unknown,3,0,0.0000,,0,0.0000,0,0.0000,,n < 30 - not ranked
PharmaFleet,Unknown,1,0,0.0000,,0,0.0000,0,0.0000,,n < 30 - not ranked
