Product_Category,Sla_Eligible,Late,Late_Pct,Avg_Delivery_Hours,Sample_Note
bed_bath_table,9184,687,7.4800,312.3800,
health_beauty,8613,649,7.5400,290.3100,
sports_leisure,7492,494,6.5900,294.0900,
computers_accessories,6511,417,6.4000,316.4300,
furniture_decor,6188,448,7.2400,315.5900,
housewares,5680,308,5.4200,266.7300,
watches_gifts,5476,406,7.4100,307.7500,
telephony,4073,291,7.1400,311.1700,
auto,3792,278,7.3300,296.1300,
toys,3787,243,6.4200,281.9400,
cool_stuff,3530,209,5.9200,297.5200,
garden_tools,3400,225,6.6200,328.1500,
perfumery,3069,202,6.5800,286.2700,
baby,2761,224,8.1100,305.3600,
electronics,2502,192,7.6700,310.7600,
stationery,2244,148,6.6000,307.3600,
fashion_bags_accessories,1811,101,5.5800,269.3900,
pet_shop,1682,85,5.0500,273.1000,
Uncategorised,1378,98,7.1100,305.0800,
office_furniture,1251,101,8.0700,495.8700,
consoles_games,1013,62,6.1200,331.3500,
luggage_accessories,1012,43,4.2500,260.8800,
home_appliances,747,33,4.4200,271.4800,
construction_tools_construction,724,54,7.4600,261.2300,
musical_instruments,608,46,7.5700,314.3200,
small_appliances,606,29,4.7900,264.3600,
books_general_interest,492,32,6.5000,277.0200,
home_construction,472,29,6.1400,322.9600,
food,436,31,7.1100,235.3800,
furniture_living_room,409,31,7.5800,334.9100,
home_confort,370,35,9.4600,327.1400,
audio,344,41,11.9200,323.1900,
drinks,282,15,5.3200,250.7200,
market_place,268,11,4.1000,298.0700,
books_technical,254,21,8.2700,256.0700,
air_conditioning,245,10,4.0800,285.8300,
kitchen_dining_laundry_garden_furniture,237,11,4.6400,286.4700,
fashion_shoes,233,11,4.7200,377.7400,
construction_tools_lights,230,15,6.5200,233.8300,
industry_commerce_and_business,229,16,6.9900,262.0100,
home_appliances_2,227,14,6.1700,333.4200,
food_drink,219,8,3.6500,260.1600,
fixed_telephony,212,10,4.7200,300.8200,
art,193,12,6.2200,270.9000,
costruction_tools_garden,186,10,5.3800,286.5800,
computers,177,10,5.6500,333.8400,
agro_industry_and_commerce,177,7,3.9500,274.3700,
construction_tools_safety,154,4,2.6000,281.4100,
signaling_and_security,137,6,4.3800,261.0600,
christmas_supplies,124,10,8.0600,371.4400,
fashion_underwear_beach,117,11,9.4000,336.0600,
fashion_male_clothing,106,5,4.7200,308.6300,
costruction_tools_tools,97,6,6.1900,293.0400,
furniture_bedroom,90,6,6.6700,327.8800,
tablets_printing_image,78,4,5.1300,310.7900,
small_appliances_home_oven_and_coffee,72,4,5.5600,238.2600,
cine_photo,62,4,6.4500,251.1600,
dvds_blu_ray,55,4,7.2700,311.9100,
books_imported,50,2,4.0000,196.2900,
party_supplies,37,0,0.0000,217.3100,
furniture_mattress_and_upholstery,37,5,13.5100,346.3900,
music,36,2,5.5600,282.9700,
fashio_female_clothing,35,2,5.7100,303.3500,
flowers,29,1,3.4500,275.8100,n < 30 - not ranked
fashion_sport,25,1,4.0000,261.7900,n < 30 - not ranked
diapers_and_hygiene,25,0,0.0000,251.6700,n < 30 - not ranked
home_comfort_2,22,3,13.6400,361.8200,n < 30 - not ranked
arts_and_craftmanship,22,1,4.5500,138.8300,n < 30 - not ranked
la_cuisine,13,0,0.0000,185.8800,n < 30 - not ranked
cds_dvds_musicals,12,0,0.0000,262.0900,n < 30 - not ranked
fashion_childrens_clothes,7,0,0.0000,211.6700,n < 30 - not ranked
security_and_services,2,0,0.0000,363.3100,n < 30 - not ranked
