Promise_Band,Approval_Bucket,Sla_Eligible,Late,Breach_Rate_Pct,Avg_Approval_Hours,Avg_Delivery_Hours,Avg_Promised_Hours,Sample_Note
1 <=14d,0-1h,7856,437,5.5600,0.3000,128.1800,252.8100,
1 <=14d,1-6h,774,40,5.1700,2.4000,128.7500,257.7600,
1 <=14d,6-24h,1698,109,6.4200,15.7200,139.0600,251.2600,
1 <=14d,>24h,1645,158,9.6000,42.5000,168.3900,257.0200,
1 <=14d,Unknown,29,1,3.4500,,87.2000,226.3900,n < 30 - directional only
2 15-21d,0-1h,15020,1008,6.7100,0.2800,225.5500,430.1800,
2 15-21d,1-6h,1483,127,8.5600,2.3200,246.4900,433.0700,
2 15-21d,6-24h,3012,242,8.0300,15.9900,241.3100,427.4200,
2 15-21d,>24h,3762,353,9.3800,44.4300,267.3300,428.9600,
2 15-21d,Unknown,27,0,0.0000,,104.3800,411.0800,n < 30 - directional only
3 22-28d,0-1h,22321,1600,7.1700,0.2800,312.1000,578.2400,
3 22-28d,1-6h,2125,226,10.6400,2.2000,357.0200,583.3200,
3 22-28d,6-24h,4182,285,6.8100,16.0900,326.1900,580.7200,
3 22-28d,>24h,6213,538,8.6600,45.9400,350.3000,579.0200,
3 22-28d,Unknown,5,0,0.0000,,203.8500,612.1200,n < 30 - directional only
4 >28d,0-1h,16545,841,5.0800,0.2800,394.6900,822.9400,
4 >28d,1-6h,1451,90,6.2000,2.2300,406.4700,822.8300,
4 >28d,6-24h,3141,161,5.1300,16.1200,414.4800,831.7300,
4 >28d,>24h,5167,318,6.1500,45.8300,439.7400,830.1700,
4 >28d,Unknown,14,0,0.0000,,302.7200,850.2000,n < 30 - directional only
