Promised_Delivery_Hours,Verification_Bucket,Sla_Eligible,Late,Breach_Rate_Pct,Avg_Delivery_Hours,Avg_Verification_Minutes,Sample_Note
24,0-30,63,16,25.4000,19.6500,18.6800,
24,31-60,30,5,16.6700,22.8400,43.6700,
24,61-120,24,9,37.5000,23.5300,79.5800,n < 30 - directional only
24,>120,16,7,43.7500,23.1400,215.1800,n < 30 - directional only
24,Unknown,2,0,0.0000,16.9500,,n < 30 - directional only
48,0-30,322,12,3.7300,21.1200,16.9900,
48,31-60,268,11,4.1000,22.7100,42.9900,
48,61-120,212,10,4.7200,22.6500,82.6900,
48,>120,93,1,1.0800,23.4100,221.3900,
48,Unknown,4,0,0.0000,27.3800,,n < 30 - directional only
72,0-30,119,15,12.6100,45.2800,17.2600,
72,31-60,118,14,11.8600,46.2500,44.3600,
72,61-120,76,8,10.5300,40.9000,80.9800,
72,>120,41,5,12.2000,47.8500,217.4400,
72,Unknown,1,0,0.0000,28.5000,,n < 30 - directional only
