Customer_State,Sla_Eligible,Late,On_Time_Rate_Pct,Reviewed_Orders,Low_Reviews,Low_Review_Rate_Pct,Avg_Review_Score,Low_Review_Rank,Rank_Note
AL,397,85,78.5900,394,84,21.3200,3.8480,1.0000,
MA,717,125,82.5700,712,142,19.9400,3.8330,2.0000,
SE,335,51,84.7800,334,63,18.8600,3.9070,3.0000,
RJ,12350,1495,87.8900,12211,2238,18.3300,3.9650,4.0000,
PA,946,106,88.7900,933,167,17.9000,3.9140,5.0000,
CE,1279,176,86.2400,1273,218,17.1200,3.9440,6.0000,
BA,3256,396,87.8400,3229,549,17.0000,3.9310,7.0000,
PI,476,66,86.1300,471,76,16.1400,3.9940,8.0000,
AC,80,3,96.2500,80,12,15.0000,4.0880,,n < 300 - not ranked
PB,517,54,89.5600,512,76,14.8400,4.0760,9.0000,
PE,1593,153,90.4000,1579,234,14.8200,4.0830,10.0000,
RR,41,5,87.8000,41,6,14.6300,3.9020,,n < 300 - not ranked
ES,1995,214,89.2700,1969,272,13.8100,4.0790,11.0000,
MS,701,68,90.3000,699,93,13.3000,4.1620,12.0000,
DF,2080,118,94.3300,2070,274,13.2400,4.1310,13.0000,
AM,145,4,97.2400,144,19,13.1900,4.2430,,n < 300 - not ranked
GO,1957,128,93.4600,1946,256,13.1600,4.1060,14.0000,
SC,3546,291,91.7900,3519,457,12.9900,4.1340,15.0000,
RN,474,44,90.7200,471,61,12.9500,4.1510,16.0000,
MT,886,53,94.0200,879,112,12.7400,4.1460,17.0000,
TO,274,27,90.1500,273,33,12.0900,4.1540,,n < 300 - not ranked
RO,243,7,97.1200,242,29,11.9800,4.1650,,n < 300 - not ranked
RS,5344,325,93.9200,5326,635,11.9200,4.1850,18.0000,
MG,11354,519,95.4300,11285,1326,11.7500,4.1920,19.0000,
PR,4923,199,95.9600,4900,533,10.8800,4.2400,20.0000,
SP,40494,1820,95.5100,40266,4303,10.6900,4.2460,21.0000,
AP,67,2,97.0100,66,4,6.0600,4.2420,,n < 300 - not ranked
