Customer_City,Late,Late_Refunded_Orders,Late_Refund_Inr,Refund_Inr,Share_Of_Late_Refund_Pct,Refund_Rate_On_Late_Pct,Late_Refund_Inr_Per_Late_Order
Mumbai,94,16,11197.4700,23303.1800,20.8000,17.0200,119.1200
Jaipur,58,14,8647.3300,14127.2400,16.0700,24.1400,149.0900
Indore,50,10,8054.1300,15057.8100,14.9600,20.0000,161.0800
Delhi,60,14,6794.1500,20464.9500,12.6200,23.3300,113.2400
Chennai,44,11,5704.2500,10072.7300,10.6000,25.0000,129.6400
Bengaluru,48,8,4896.2300,15027.5300,9.1000,16.6700,102.0000
Lucknow,50,8,4624.4700,9597.6200,8.5900,16.0000,92.4900
Hyderabad,55,8,3406.8300,7980.9600,6.3300,14.5500,61.9400
Unknown,1,1,502.2600,502.2600,0.9300,100.0000,502.2600
