Metric,Value,Unit,Denominator
Total orders,2995.0000,orders,All clean orders
Delivered orders,2756.0000,orders,All clean orders
SLA-eligible orders,2740.0000,orders,Delivered with a usable duration
On-time deliveries,2280.0000,orders,SLA-eligible
Late deliveries,460.0000,orders,SLA-eligible
On-time delivery rate,83.2100,pct,SLA-eligible
SLA breach rate,16.7900,pct,SLA-eligible
Avg delivery hours,27.0500,hours,SLA-eligible
"Avg delay, late only",16.9100,hours,Late SLA-eligible orders
Refund rate,5.5500,pct,Delivered orders
Total refund value,116134.2800,inr,All refunded orders incl. Returned
Refund value on late deliveries,53827.1200,inr,Late SLA-eligible orders
Total order value,2992862.9800,inr,All clean orders
Rx orders,1564.0000,orders,All clean orders
Rx cancellation rate,9.4000,pct,Rx orders
"Rx cancellation rate, verification over 120 min",20.0000,pct,Rx orders verified in over 120 min
